{
    "armor_0hit": [
        {
            "name": "camera01",
            "snippet": "0hit",
            "imageUrl": "/testDB/character/hero/strelokHorse/armor_0hit/1.png"
        },
        {
            "name": "camera02",
            "snippet": "0hit",
            "imageUrl": "/testDB/character/hero/strelokHorse/armor_0hit/2.png"
        },
        {
            "name": "camera03",
            "snippet": "0hit",
            "imageUrl": "/testDB/character/hero/strelokHorse/armor_0hit/3.png"
        },
        {
            "name": "camera04",
            "snippet": "0hit",
            "imageUrl": "/testDB/character/hero/strelokHorse/armor_0hit/4.png"
        },
        {
            "name": "camera05",
            "snippet": "0hit",
            "imageUrl": "/testDB/character/hero/strelokHorse/armor_0hit/5.png"
        },
        {
            "name": "camera06",
            "snippet": "0hit",
            "imageUrl": "/testDB/character/hero/strelokHorse/armor_0hit/6.png"
        },
        {
            "name": "camera07",
            "snippet": "0hit",
            "imageUrl": "/testDB/character/hero/strelokHorse/armor_0hit/7.png"
        },
        {
            "name": "camera08",
            "snippet": "0hit",
            "imageUrl": "/testDB/character/hero/strelokHorse/armor_0hit/8.png"
        }

    ],
    "armor_0walk": [
        {
            "name": "camera01",
            "snippet": "0walk",
            "imageUrl": "/testDB/character/hero/strelokHorse/armor_0walk/1cam05/a_00004.png"
        },
        {
            "name": "camera02",
            "snippet": "0walk",
            "imageUrl": "/testDB/character/hero/strelokHorse/armor_0walk/1cam05/a_00005.png"
        },
        {
            "name": "camera03",
            "snippet": "0walk",
            "imageUrl": "/testDB/character/hero/strelokHorse/armor_0walk/1cam05/a_00006.png"
        },
        {
            "name": "camera04",
            "snippet": "0walk",
            "imageUrl": "/testDB/character/hero/strelokHorse/armor_0walk/1cam05/a_00007.png"

        },
        {
            "name": "camera05",
            "snippet": "0walk",
            "imageUrl": "/testDB/character/hero/strelokHorse/armor_0walk/1cam05/a_00008.png"
        },
        {
            "name": "camera06",
            "snippet": "0walk",
            "imageUrl": "/testDB/character/hero/strelokHorse/armor_0walk/1cam05/a_00009.png"
        },
        {
            "name": "camera07",
            "snippet": "0walk",
            "imageUrl": "/testDB/character/hero/strelokHorse/armor_0walk/1cam05/a_00010.png"
        },
        {
            "name": "camera08",
            "snippet": "0walk",
            "imageUrl": "/testDB/character/hero/strelokHorse/armor_0walk/1cam05/a_00011.png"
        }

    ]

}

 